timestamp,temperature,humidity,wind_speed
2023-01-01T00:00,10,81,7.3
2023-01-01T01:00,13,71,8.6
2023-01-01T02:00,15,59,10.4
2023-01-01T03:00,16,54,8.6
2023-01-01T04:00,18,51,6.5
2023-01-01T05:00,19,47,5.8
2023-01-01T06:00,20,46,4.1
2023-01-01T07:00,20,46,2.1
2023-01-01T08:00,20,46,1.8
2023-01-01T09:00,20,47,2.7
2023-01-01T10:00,19,65,2.5
2023-01-01T11:00,18,59,2.9
2023-01-01T12:00,17,62,4.4
2023-01-01T13:00,17,60,5.7
2023-01-01T14:00,16,68,6.2
2023-01-01T15:00,14,78,7.9
2023-01-01T16:00,13,83,8.3
2023-01-01T17:00,13,86,8.1
2023-01-01T18:00,14,79,4.3
2023-01-01T19:00,11,93,7.5
2023-01-01T20:00,11,93,6.1
2023-01-01T21:00,11,93,6.0
2023-01-01T22:00,12,88,7.2
2023-01-01T23:00,13,80,9.0
2023-01-02T00:00,14,79,8.4
2023-01-02T01:00,15,74,7.6
2023-01-02T02:00,16,69,9.1
2023-01-02T03:00,18,61,11.3
2023-01-02T04:00,18,60,11.9
2023-01-02T05:00,18,60,10.4
2023-01-02T06:00,19,58,9.8
2023-01-02T07:00,18,58,11.7
2023-01-02T08:00,18,58,12.2
2023-01-02T09:00,17,61,10.5
2023-01-02T10:00,17,61,9.2
2023-01-02T11:00,17,63,7.6
2023-01-02T12:00,16,66,9.7
2023-01-02T13:00,16,70,9.4
2023-01-02T14:00,15,74,8.9
2023-01-02T15:00,15,75,9.5
2023-01-02T16:00,15,74,9.0
2023-01-02T17:00,15,71,9.0
2023-01-02T18:00,15,70,9.4
2023-01-02T19:00,15,68,9.2
2023-01-02T20:00,15,68,8.1
2023-01-02T21:00,15,68,7.4
2023-01-02T22:00,15,69,8.1
2023-01-02T23:00,15,69,8.1
2023-01-03T00:00,14,87,6.8
2023-01-03T01:00,14,83,8.4
2023-01-03T02:00,15,76,10.3
2023-01-03T03:00,15,68,9.2
2023-01-03T04:00,17,60,9.7
2023-01-03T05:00,17,57,9.0
2023-01-03T06:00,18,54,7.9
2023-01-03T07:00,19,53,6.2
2023-01-03T08:00,19,52,5.5
2023-01-03T09:00,19,52,5.1
2023-01-03T10:00,18,59,3.1
2023-01-03T11:00,16,64,5.0
2023-01-03T12:00,14,76,7.8
2023-01-03T13:00,14,77,6.6
2023-01-03T14:00,14,80,5.2
2023-01-03T15:00,15,77,2.3
2023-01-03T16:00,15,77,2.3
2023-01-03T17:00,15,81,2.6
2023-01-03T18:00,15,86,2.1
2023-01-03T19:00,15,80,2.2
2023-01-03T20:00,15,77,4.0
2023-01-03T21:00,15,75,5.0
2023-01-03T22:00,15,73,5.0
2023-01-03T23:00,14,76,5.1
2023-01-04T00:00,15,78,4.4
2023-01-04T01:00,16,72,6.2
2023-01-04T02:00,17,68,6.1
2023-01-04T03:00,19,63,4.0
2023-01-04T04:00,20,59,2.9
2023-01-04T05:00,21,53,3.6
2023-01-04T06:00,21,53,3.9
2023-01-04T07:00,21,53,5.2
2023-01-04T08:00,21,54,7.2
2023-01-04T09:00,21,55,8.1
2023-01-04T10:00,20,58,7.4
2023-01-04T11:00,20,62,6.6
2023-01-04T12:00,18,71,5.6
2023-01-04T13:00,18,71,7.4
2023-01-04T14:00,17,74,7.4
2023-01-04T15:00,17,74,7.1
2023-01-04T16:00,17,75,6.8
2023-01-04T17:00,16,81,4.3
2023-01-04T18:00,14,91,5.3
2023-01-04T19:00,15,85,4.6
2023-01-04T20:00,15,88,2.3
2023-01-04T21:00,14,91,2.7
2023-01-04T22:00,14,90,3.3
2023-01-04T23:00,15,89,4.3
2023-01-05T00:00,15,89,3.2
2023-01-05T01:00,17,81,5.2
2023-01-05T02:00,18,75,6.9
2023-01-05T03:00,19,70,9.0
2023-01-05T04:00,20,68,8.6
2023-01-05T05:00,20,66,7.1
2023-01-05T06:00,21,62,6.9
2023-01-05T07:00,21,61,5.0
2023-01-05T08:00,22,60,3.6
2023-01-05T09:00,21,60,3.2
2023-01-05T10:00,21,64,3.6
2023-01-05T11:00,20,69,5.2
2023-01-05T12:00,18,78,5.2
2023-01-05T13:00,18,81,3.0
2023-01-05T14:00,18,78,3.6
2023-01-05T15:00,18,82,4.7
2023-01-05T16:00,17,84,4.4
2023-01-05T17:00,16,92,4.3
2023-01-05T18:00,16,88,8.6
2023-01-05T19:00,16,81,11.5
2023-01-05T20:00,16,80,12.7
2023-01-05T21:00,16,79,14.5
2023-01-05T22:00,16,79,15.8
2023-01-05T23:00,16,78,15.9
2023-01-06T00:00,16,77,15.5
2023-01-06T01:00,18,70,15.2
2023-01-06T02:00,18,65,19.2
2023-01-06T03:00,20,57,20.2
2023-01-06T04:00,22,45,23.5
2023-01-06T05:00,23,42,22.7
2023-01-06T06:00,24,37,20.5
2023-01-06T07:00,24,36,21.4
2023-01-06T08:00,23,39,19.8
2023-01-06T09:00,23,39,14.8
2023-01-06T10:00,21,44,10.8
2023-01-06T11:00,19,50,9.0
2023-01-06T12:00,18,53,10.8
2023-01-06T13:00,17,53,12.3
2023-01-06T14:00,17,54,12.4
2023-01-06T15:00,16,57,12.8
2023-01-06T16:00,15,59,12.9
2023-01-06T17:00,15,58,12.9
2023-01-06T18:00,14,59,12.0
2023-01-06T19:00,14,62,10.8
2023-01-06T20:00,13,66,8.4
2023-01-06T21:00,13,73,6.8
2023-01-06T22:00,12,80,6.4
2023-01-06T23:00,12,87,5.6
2023-01-07T00:00,12,87,8.7
2023-01-07T01:00,14,78,7.9
2023-01-07T02:00,17,62,7.8
2023-01-07T03:00,19,47,11.0
2023-01-07T04:00,20,43,10.5
2023-01-07T05:00,21,41,8.6
2023-01-07T06:00,21,43,7.2
2023-01-07T07:00,21,43,3.4
2023-01-07T08:00,21,42,1.4
2023-01-07T09:00,21,43,3.6
2023-01-07T10:00,20,51,5.2
2023-01-07T11:00,18,55,6.5
2023-01-07T12:00,16,64,9.9
2023-01-07T13:00,17,62,7.7
2023-01-07T14:00,16,63,8.1
2023-01-07T15:00,15,67,6.4
2023-01-07T16:00,15,67,7.4
2023-01-07T17:00,14,77,6.9
2023-01-07T18:00,14,82,7.5
2023-01-07T19:00,14,81,6.8
2023-01-07T20:00,15,79,4.0
2023-01-07T21:00,13,90,2.9
2023-01-07T22:00,14,85,4.9
2023-01-07T23:00,14,84,4.2
2023-01-08T00:00,15,81,5.9
2023-01-08T01:00,15,75,5.3
2023-01-08T02:00,16,71,5.9
2023-01-08T03:00,17,70,6.5
2023-01-08T04:00,17,68,5.7
2023-01-08T05:00,19,61,4.4
2023-01-08T06:00,20,54,3.8
2023-01-08T07:00,21,49,2.5
2023-01-08T08:00,22,46,3.3
2023-01-08T09:00,22,47,5.1
2023-01-08T10:00,20,56,4.5
2023-01-08T11:00,19,61,7.4
2023-01-08T12:00,18,64,9.5
2023-01-08T13:00,18,68,13.0
2023-01-08T14:00,17,74,10.2
2023-01-08T15:00,17,77,8.2
2023-01-08T16:00,16,80,5.6
2023-01-08T17:00,16,85,5.2
2023-01-08T18:00,15,89,5.8
2023-01-08T19:00,15,91,6.4
2023-01-08T20:00,16,90,3.4
2023-01-08T21:00,16,89,1.5
2023-01-08T22:00,16,89,2.3
2023-01-08T23:00,16,89,3.6
2023-01-09T00:00,16,89,5.6
2023-01-09T01:00,17,81,5.8
2023-01-09T02:00,18,77,5.2
2023-01-09T03:00,20,71,4.6
2023-01-09T04:00,20,69,4.8
2023-01-09T05:00,21,63,6.4
2023-01-09T06:00,22,62,5.9
2023-01-09T07:00,22,61,5.5
2023-01-09T08:00,21,61,4.2
2023-01-09T09:00,21,62,1.8
2023-01-09T10:00,21,70,1.6
2023-01-09T11:00,20,70,4.3
2023-01-09T12:00,19,72,5.1
2023-01-09T13:00,19,71,7.7
2023-01-09T14:00,18,74,5.7
2023-01-09T15:00,18,79,4.8
2023-01-09T16:00,17,84,5.2
2023-01-09T17:00,17,91,5.9
2023-01-09T18:00,17,92,4.4
2023-01-09T19:00,17,91,1.4
2023-01-09T20:00,17,91,5.0
2023-01-09T21:00,17,90,4.7
2023-01-09T22:00,17,90,3.6
2023-01-09T23:00,17,90,6.9
2023-01-10T00:00,17,92,9.0
2023-01-10T01:00,17,90,8.9
2023-01-10T02:00,18,87,8.4
2023-01-10T03:00,19,79,10.5
2023-01-10T04:00,19,89,8.4
2023-01-10T05:00,19,87,7.0
2023-01-10T06:00,19,87,6.0
2023-01-10T07:00,21,78,5.8
2023-01-10T08:00,21,77,9.2
2023-01-10T09:00,20,78,9.6
2023-01-10T10:00,20,82,5.6
2023-01-10T11:00,19,87,4.3
2023-01-10T12:00,18,93,4.9
2023-01-10T13:00,19,90,4.2
2023-01-10T14:00,18,93,5.3
2023-01-10T15:00,18,92,3.6
2023-01-10T16:00,18,94,2.9
2023-01-10T17:00,18,96,2.9
2023-01-10T18:00,18,97,1.9
2023-01-10T19:00,18,98,1.8
2023-01-10T20:00,18,98,0.7
2023-01-10T21:00,18,98,3.6
2023-01-10T22:00,18,98,4.5
2023-01-10T23:00,18,97,4.8
2023-01-11T00:00,18,95,5.6
2023-01-11T01:00,18,92,4.3
2023-01-11T02:00,19,89,3.6
2023-01-11T03:00,19,85,4.3
2023-01-11T04:00,21,76,4.1
2023-01-11T05:00,22,72,1.9
2023-01-11T06:00,22,72,1.5
2023-01-11T07:00,22,71,2.9
2023-01-11T08:00,22,69,5.5
2023-01-11T09:00,22,69,7.0
2023-01-11T10:00,22,69,8.2
2023-01-11T11:00,21,75,9.7
2023-01-11T12:00,20,81,10.5
2023-01-11T13:00,19,84,11.2
2023-01-11T14:00,18,89,10.1
2023-01-11T15:00,17,93,7.9
2023-01-11T16:00,17,95,6.9
2023-01-11T17:00,17,97,5.9
2023-01-11T18:00,16,97,5.9
2023-01-11T19:00,16,98,4.4
2023-01-11T20:00,16,99,5.9
2023-01-11T21:00,17,98,3.1
2023-01-11T22:00,17,97,3.8
2023-01-11T23:00,17,96,4.2
2023-01-12T00:00,17,96,4.0
2023-01-12T01:00,18,93,3.7
2023-01-12T02:00,18,90,2.9
2023-01-12T03:00,19,84,4.2
2023-01-12T04:00,20,82,6.3
2023-01-12T05:00,21,76,6.8
2023-01-12T06:00,22,71,7.9
2023-01-12T07:00,22,72,7.8
2023-01-12T08:00,23,68,9.1
2023-01-12T09:00,23,70,12.0
2023-01-12T10:00,22,74,11.2
2023-01-12T11:00,20,82,10.3
2023-01-12T12:00,20,86,8.2
2023-01-12T13:00,19,86,11.8
2023-01-12T14:00,19,92,11.2
2023-01-12T15:00,18,96,10.8
2023-01-12T16:00,17,97,10.6
2023-01-12T17:00,17,98,10.7
2023-01-12T18:00,17,98,11.5
2023-01-12T19:00,17,99,8.7
2023-01-12T20:00,17,98,9.2
2023-01-12T21:00,18,97,9.0
2023-01-12T22:00,18,97,10.3
2023-01-12T23:00,18,97,8.9
2023-01-13T00:00,18,96,6.5
2023-01-13T01:00,19,94,7.6
2023-01-13T02:00,19,90,6.5
2023-01-13T03:00,21,82,5.9
2023-01-13T04:00,23,70,4.6
2023-01-13T05:00,25,65,3.4
2023-01-13T06:00,27,61,4.0
2023-01-13T07:00,28,58,3.4
2023-01-13T08:00,29,55,6.1
2023-01-13T09:00,29,52,9.2
2023-01-13T10:00,27,58,7.9
2023-01-13T11:00,25,62,10.8
2023-01-13T12:00,23,75,15.0
2023-01-13T13:00,22,83,14.9
2023-01-13T14:00,21,88,15.5
2023-01-13T15:00,21,90,17.2
2023-01-13T16:00,21,89,17.9
2023-01-13T17:00,20,90,16.3
2023-01-13T18:00,20,91,13.0
2023-01-13T19:00,19,93,7.4
2023-01-13T20:00,19,91,2.4
2023-01-13T21:00,17,98,4.1
2023-01-13T22:00,17,99,5.2
2023-01-13T23:00,16,99,6.2
2023-01-14T00:00,18,99,6.0
2023-01-14T01:00,19,97,8.2
2023-01-14T02:00,20,88,8.7
2023-01-14T03:00,23,77,8.7
2023-01-14T04:00,26,66,9.1
2023-01-14T05:00,28,56,10.7
2023-01-14T06:00,29,48,12.7
2023-01-14T07:00,29,47,14.7
2023-01-14T08:00,30,46,15.6
2023-01-14T09:00,29,48,12.1
2023-01-14T10:00,26,66,7.2
2023-01-14T11:00,23,67,7.0
2023-01-14T12:00,23,77,7.8
2023-01-14T13:00,23,73,10.5
2023-01-14T14:00,23,76,11.0
2023-01-14T15:00,21,81,12.6
2023-01-14T16:00,20,87,8.7
2023-01-14T17:00,19,91,10.2
2023-01-14T18:00,19,95,10.6
2023-01-14T19:00,19,96,12.7
2023-01-14T20:00,19,95,14.8
2023-01-14T21:00,19,77,21.6
2023-01-14T22:00,19,64,23.5
2023-01-14T23:00,18,61,21.3
2023-01-15T00:00,19,69,18.6
2023-01-15T01:00,19,61,19.4
2023-01-15T02:00,19,59,19.9
2023-01-15T03:00,19,56,22.3
2023-01-15T04:00,19,56,24.6
2023-01-15T05:00,20,54,20.8
2023-01-15T06:00,19,56,18.9
2023-01-15T07:00,18,55,23.4
2023-01-15T08:00,18,54,22.0
2023-01-15T09:00,17,53,22.2
2023-01-15T10:00,16,53,21.3
2023-01-15T11:00,15,53,20.5
2023-01-15T12:00,16,52,24.5
2023-01-15T13:00,15,51,21.7
2023-01-15T14:00,15,50,17.4
2023-01-15T15:00,14,50,18.7
2023-01-15T16:00,14,48,17.7
2023-01-15T17:00,13,46,17.5
2023-01-15T18:00,12,45,19.2
2023-01-15T19:00,11,50,20.1
2023-01-15T20:00,10,54,18.1
2023-01-15T21:00,10,52,17.3
2023-01-15T22:00,10,51,16.2
2023-01-15T23:00,10,50,15.6
2023-01-16T00:00,11,48,15.8
2023-01-16T01:00,11,47,16.1
2023-01-16T02:00,11,46,15.1
2023-01-16T03:00,12,45,12.9
2023-01-16T04:00,12,43,11.8
2023-01-16T05:00,12,43,11.5
2023-01-16T06:00,13,43,9.8
2023-01-16T07:00,13,43,9.4
2023-01-16T08:00,14,43,9.2
2023-01-16T09:00,14,43,9.2
2023-01-16T10:00,14,43,8.0
2023-01-16T11:00,13,44,8.4
2023-01-16T12:00,13,47,8.1
2023-01-16T13:00,13,50,9.6
2023-01-16T14:00,13,49,10.2
2023-01-16T15:00,12,49,11.5
2023-01-16T16:00,12,49,11.0
2023-01-16T17:00,12,49,12.0
2023-01-16T18:00,12,50,12.8
2023-01-16T19:00,11,50,13.2
2023-01-16T20:00,11,50,13.9
2023-01-16T21:00,11,51,14.3
2023-01-16T22:00,11,52,14.7
2023-01-16T23:00,10,52,14.3
2023-01-17T00:00,10,59,14.0
2023-01-17T01:00,11,57,12.9
2023-01-17T02:00,11,55,13.0
2023-01-17T03:00,12,53,13.3
2023-01-17T04:00,12,51,12.5
2023-01-17T05:00,13,49,12.8
2023-01-17T06:00,13,48,12.9
2023-01-17T07:00,14,47,12.6
2023-01-17T08:00,14,46,11.4
2023-01-17T09:00,14,46,10.8
2023-01-17T10:00,14,46,10.3
2023-01-17T11:00,14,48,9.7
2023-01-17T12:00,13,51,10.9
2023-01-17T13:00,13,50,12.5
2023-01-17T14:00,12,50,12.0
2023-01-17T15:00,12,49,12.1
2023-01-17T16:00,12,49,10.8
2023-01-17T17:00,12,48,10.7
2023-01-17T18:00,12,48,10.5
2023-01-17T19:00,12,47,12.0
2023-01-17T20:00,12,46,13.5
2023-01-17T21:00,11,46,13.7
2023-01-17T22:00,11,45,13.4
2023-01-17T23:00,11,45,12.8
2023-01-18T00:00,12,49,10.7
2023-01-18T01:00,12,47,13.1
2023-01-18T02:00,12,45,11.8
2023-01-18T03:00,13,43,10.5
2023-01-18T04:00,14,41,10.6
2023-01-18T05:00,14,40,9.3
2023-01-18T06:00,15,39,7.7
2023-01-18T07:00,16,38,6.1
2023-01-18T08:00,16,39,5.5
2023-01-18T09:00,16,40,4.0
2023-01-18T10:00,16,40,2.3
2023-01-18T11:00,15,42,1.1
2023-01-18T12:00,12,57,5.8
2023-01-18T13:00,11,60,5.5
2023-01-18T14:00,11,67,6.8
2023-01-18T15:00,10,66,5.8
2023-01-18T16:00,10,66,6.6
2023-01-18T17:00,9,66,6.6
2023-01-18T18:00,9,67,6.3
2023-01-18T19:00,9,67,7.1
2023-01-18T20:00,8,67,8.1
2023-01-18T21:00,8,67,8.2
2023-01-18T22:00,8,68,7.8
2023-01-18T23:00,8,70,6.5
2023-01-19T00:00,8,71,7.0
2023-01-19T01:00,11,60,6.9
2023-01-19T02:00,13,51,7.8
2023-01-19T03:00,15,48,7.0
2023-01-19T04:00,17,45,4.8
2023-01-19T05:00,18,44,2.2
2023-01-19T06:00,18,43,0.8
2023-01-19T07:00,19,43,0.5
2023-01-19T08:00,19,43,2.9
2023-01-19T09:00,19,43,5.1
2023-01-19T10:00,18,47,4.9
2023-01-19T11:00,17,47,4.4
2023-01-19T12:00,15,51,5.5
2023-01-19T13:00,15,51,6.6
2023-01-19T14:00,15,52,6.8
2023-01-19T15:00,15,53,5.7
2023-01-19T16:00,14,54,5.8
2023-01-19T17:00,14,56,7.0
2023-01-19T18:00,14,58,8.3
2023-01-19T19:00,14,58,8.1
2023-01-19T20:00,14,59,7.0
2023-01-19T21:00,14,60,6.8
2023-01-19T22:00,13,60,5.9
2023-01-19T23:00,13,60,4.8
2023-01-20T00:00,13,67,6.9
2023-01-20T01:00,14,60,7.7
2023-01-20T02:00,15,54,7.7
2023-01-20T03:00,16,49,7.1
2023-01-20T04:00,17,47,5.4
2023-01-20T05:00,17,45,4.5
2023-01-20T06:00,18,45,5.6
2023-01-20T07:00,18,44,7.1
2023-01-20T08:00,19,44,6.4
2023-01-20T09:00,18,45,6.4
2023-01-20T10:00,18,49,5.6
2023-01-20T11:00,15,59,5.4
2023-01-20T12:00,14,70,6.9
2023-01-20T13:00,13,74,6.4
2023-01-20T14:00,13,76,5.4
2023-01-20T15:00,12,81,5.9
2023-01-20T16:00,11,85,8.0
2023-01-20T17:00,11,88,8.0
2023-01-20T18:00,10,90,7.0
2023-01-20T19:00,10,88,6.8
2023-01-20T20:00,9,92,6.6
2023-01-20T21:00,10,91,5.8
2023-01-20T22:00,9,92,6.0
2023-01-20T23:00,9,93,5.7
2023-01-21T00:00,10,94,5.6
2023-01-21T01:00,13,82,6.0
2023-01-21T02:00,15,67,6.1
2023-01-21T03:00,17,58,4.3
2023-01-21T04:00,19,54,1.8
2023-01-21T05:00,20,51,9.0
2023-01-21T06:00,21,49,10.1
2023-01-21T07:00,22,47,11.5
2023-01-21T08:00,22,48,11.8
2023-01-21T09:00,22,49,12.4
2023-01-21T10:00,21,54,9.3
2023-01-21T11:00,18,64,7.1
2023-01-21T12:00,16,72,6.6
2023-01-21T13:00,17,73,13.8
2023-01-21T14:00,16,87,11.7
2023-01-21T15:00,15,93,10.5
2023-01-21T16:00,14,95,8.3
2023-01-21T17:00,14,97,7.0
2023-01-21T18:00,14,98,6.8
2023-01-21T19:00,13,99,6.1
2023-01-21T20:00,13,99,5.5
2023-01-21T21:00,12,100,5.2
2023-01-21T22:00,13,100,4.0
2023-01-21T23:00,14,99,3.3
2023-01-22T00:00,14,98,1.1
2023-01-22T01:00,15,96,5.2
2023-01-22T02:00,16,92,8.3
2023-01-22T03:00,16,88,9.0
2023-01-22T04:00,17,84,8.4
2023-01-22T05:00,19,75,6.0
2023-01-22T06:00,19,72,4.5
2023-01-22T07:00,20,71,2.3
2023-01-22T08:00,21,67,3.6
2023-01-22T09:00,20,67,5.2
2023-01-22T10:00,21,66,5.3
2023-01-22T11:00,19,74,3.7
2023-01-22T12:00,16,86,5.2
2023-01-22T13:00,17,84,5.5
2023-01-22T14:00,16,90,6.4
2023-01-22T15:00,17,84,4.4
2023-01-22T16:00,17,86,4.8
2023-01-22T17:00,15,92,6.9
2023-01-22T18:00,15,97,6.7
2023-01-22T19:00,16,97,5.4
2023-01-22T20:00,17,97,5.4
2023-01-22T21:00,17,97,5.8
2023-01-22T22:00,17,98,4.0
2023-01-22T23:00,16,98,8.4
2023-01-23T00:00,17,98,7.1
2023-01-23T01:00,18,92,8.7
2023-01-23T02:00,19,89,6.8
2023-01-23T03:00,19,90,4.7
2023-01-23T04:00,20,86,6.1
2023-01-23T05:00,20,81,7.6
2023-01-23T06:00,20,80,6.6
2023-01-23T07:00,21,77,6.6
2023-01-23T08:00,21,76,10.5
2023-01-23T09:00,21,71,11.7
2023-01-23T10:00,21,71,12.2
2023-01-23T11:00,20,67,16.0
2023-01-23T12:00,19,75,12.6
2023-01-23T13:00,19,66,20.2
2023-01-23T14:00,18,64,20.9
2023-01-23T15:00,17,68,23.4
2023-01-23T16:00,16,72,23.9
2023-01-23T17:00,15,74,25.6
2023-01-23T18:00,14,71,26.5
2023-01-23T19:00,14,65,23.0
2023-01-23T20:00,14,60,20.7
2023-01-23T21:00,13,62,18.7
2023-01-23T22:00,14,53,17.9
2023-01-23T23:00,14,43,18.9
2023-01-24T00:00,16,39,19.4
2023-01-24T01:00,16,38,20.8
2023-01-24T02:00,16,37,23.3
2023-01-24T03:00,16,37,26.0
2023-01-24T04:00,16,37,24.9
2023-01-24T05:00,17,36,23.3
2023-01-24T06:00,17,34,20.7
2023-01-24T07:00,18,32,18.9
2023-01-24T08:00,18,31,16.9
2023-01-24T09:00,18,31,14.8
2023-01-24T10:00,17,33,11.5
2023-01-24T11:00,15,39,10.6
2023-01-24T12:00,13,45,8.7
2023-01-24T13:00,14,41,10.9
2023-01-24T14:00,13,42,12.4
2023-01-24T15:00,13,45,14.0
2023-01-24T16:00,12,49,13.0
2023-01-24T17:00,11,52,11.5
2023-01-24T18:00,10,55,9.2
2023-01-24T19:00,9,58,8.4
2023-01-24T20:00,8,62,7.7
2023-01-24T21:00,8,63,8.0
2023-01-24T22:00,7,63,7.8
2023-01-24T23:00,7,64,6.9
2023-01-25T00:00,7,70,6.9
2023-01-25T01:00,9,56,6.4
2023-01-25T02:00,12,44,4.8
2023-01-25T03:00,14,39,3.2
2023-01-25T04:00,15,37,5.1
2023-01-25T05:00,16,35,6.1
2023-01-25T06:00,17,34,7.3
2023-01-25T07:00,18,35,7.9
2023-01-25T08:00,18,36,8.9
2023-01-25T09:00,18,40,10.0
2023-01-25T10:00,17,44,8.4
2023-01-25T11:00,15,55,6.9
2023-01-25T12:00,14,59,14.4
2023-01-25T13:00,13,64,13.5
2023-01-25T14:00,13,69,12.7
2023-01-25T15:00,12,74,11.0
2023-01-25T16:00,12,79,8.7
2023-01-25T17:00,11,84,7.1
2023-01-25T18:00,10,88,6.5
2023-01-25T19:00,10,93,5.9
2023-01-25T20:00,10,94,6.3
2023-01-25T21:00,9,96,5.0
2023-01-25T22:00,9,97,5.4
2023-01-25T23:00,9,97,4.7
2023-01-26T00:00,10,92,4.7
2023-01-26T01:00,12,82,2.9
2023-01-26T02:00,14,74,2.2
2023-01-26T03:00,17,68,1.0
2023-01-26T04:00,19,61,7.9
2023-01-26T05:00,20,54,12.3
2023-01-26T06:00,21,54,12.3
2023-01-26T07:00,22,52,11.3
2023-01-26T08:00,21,53,11.3
2023-01-26T09:00,22,51,9.2
2023-01-26T10:00,21,55,5.9
2023-01-26T11:00,20,58,13.1
2023-01-26T12:00,17,72,14.7
2023-01-26T13:00,18,71,12.6
2023-01-26T14:00,18,74,8.6
2023-01-26T15:00,17,77,7.0
2023-01-26T16:00,17,80,7.4
2023-01-26T17:00,16,77,12.6
2023-01-26T18:00,16,80,17.5
2023-01-26T19:00,15,81,19.7
2023-01-26T20:00,14,78,22.6
2023-01-26T21:00,13,73,23.0
2023-01-26T22:00,13,72,22.1
2023-01-26T23:00,13,70,21.1
2023-01-27T00:00,14,61,23.1
2023-01-27T01:00,14,54,22.5
2023-01-27T02:00,15,52,19.1
2023-01-27T03:00,15,46,20.4
2023-01-27T04:00,16,40,20.8
2023-01-27T05:00,17,37,19.5
2023-01-27T06:00,17,36,17.7
2023-01-27T07:00,17,35,17.2
2023-01-27T08:00,17,34,17.9
2023-01-27T09:00,18,33,17.0
2023-01-27T10:00,17,34,14.4
2023-01-27T11:00,16,39,10.7
2023-01-27T12:00,13,51,6.6
2023-01-27T13:00,13,52,6.2
2023-01-27T14:00,12,53,7.4
2023-01-27T15:00,12,52,8.2
2023-01-27T16:00,11,55,7.4
2023-01-27T17:00,10,59,6.9
2023-01-27T18:00,10,58,7.6
2023-01-27T19:00,10,56,8.9
2023-01-27T20:00,10,53,11.3
2023-01-27T21:00,10,49,13.1
2023-01-27T22:00,9,48,11.4
2023-01-27T23:00,8,51,9.1
2023-01-28T00:00,9,54,10.2
2023-01-28T01:00,12,46,10.9
2023-01-28T02:00,13,30,16.6
2023-01-28T03:00,15,25,15.0
2023-01-28T04:00,16,25,13.7
2023-01-28T05:00,17,22,12.4
2023-01-28T06:00,18,21,11.1
2023-01-28T07:00,19,21,10.0
2023-01-28T08:00,19,21,9.2
2023-01-28T09:00,19,21,9.2
2023-01-28T10:00,18,25,7.3
2023-01-28T11:00,14,37,9.2
2023-01-28T12:00,14,38,7.4
2023-01-28T13:00,13,44,8.2
2023-01-28T14:00,12,45,7.9
2023-01-28T15:00,11,54,6.9
2023-01-28T16:00,10,63,6.9
2023-01-28T17:00,10,70,7.5
2023-01-28T18:00,10,71,3.4
2023-01-28T19:00,8,83,5.5
2023-01-28T20:00,8,80,6.4
2023-01-28T21:00,8,61,8.6
2023-01-28T22:00,9,47,10.0
2023-01-28T23:00,8,47,9.7
2023-01-29T00:00,9,53,10.4
2023-01-29T01:00,11,47,9.3
2023-01-29T02:00,14,34,12.2
2023-01-29T03:00,16,28,12.9
2023-01-29T04:00,17,25,11.2
2023-01-29T05:00,18,22,9.7
2023-01-29T06:00,19,23,8.7
2023-01-29T07:00,19,23,6.1
2023-01-29T08:00,20,23,5.2
2023-01-29T09:00,20,22,4.6
2023-01-29T10:00,18,42,2.9
2023-01-29T11:00,15,40,6.6
2023-01-29T12:00,13,47,9.2
2023-01-29T13:00,12,52,10.1
2023-01-29T14:00,14,44,2.6
2023-01-29T15:00,11,57,7.3
2023-01-29T16:00,10,65,6.3
2023-01-29T17:00,9,72,6.5
2023-01-29T18:00,8,80,7.6
2023-01-29T19:00,8,83,8.2
2023-01-29T20:00,10,77,6.6
2023-01-29T21:00,9,81,4.0
2023-01-29T22:00,7,93,5.6
2023-01-29T23:00,6,95,6.4
2023-01-30T00:00,7,92,6.6
2023-01-30T01:00,10,77,5.4
2023-01-30T02:00,13,62,4.0
2023-01-30T03:00,16,51,4.1
2023-01-30T04:00,18,42,4.1
2023-01-30T05:00,20,35,3.6
2023-01-30T06:00,21,31,2.2
2023-01-30T07:00,21,29,0.8
2023-01-30T08:00,21,29,1.9
2023-01-30T09:00,21,29,4.3
2023-01-30T10:00,20,33,5.4
2023-01-30T11:00,16,42,8.5
2023-01-30T12:00,16,43,13.0
2023-01-30T13:00,14,51,15.0
2023-01-30T14:00,13,57,13.9
2023-01-30T15:00,12,62,11.1
2023-01-30T16:00,12,68,9.3
2023-01-30T17:00,11,72,8.4
2023-01-30T18:00,11,78,7.2
2023-01-30T19:00,10,84,6.2
2023-01-30T20:00,9,90,6.2
2023-01-30T21:00,9,92,6.6
2023-01-30T22:00,9,94,7.2
2023-01-30T23:00,9,96,6.9
2023-01-31T00:00,9,99,7.0
2023-01-31T01:00,11,90,6.1
2023-01-31T02:00,15,75,6.1
2023-01-31T03:00,17,62,6.5
2023-01-31T04:00,19,51,7.2
2023-01-31T05:00,21,43,8.9
2023-01-31T06:00,22,37,11.9
2023-01-31T07:00,23,35,14.2
2023-01-31T08:00,23,39,15.2
2023-01-31T09:00,23,43,16.0
2023-01-31T10:00,21,49,16.3
2023-01-31T11:00,19,58,17.2
2023-01-31T12:00,17,64,15.1
2023-01-31T13:00,16,70,14.1
2023-01-31T14:00,15,78,11.8
2023-01-31T15:00,14,84,10.0
2023-01-31T16:00,14,89,8.2
2023-01-31T17:00,13,93,7.4
2023-01-31T18:00,13,95,6.9
2023-01-31T19:00,12,96,5.8
2023-01-31T20:00,12,97,5.2
2023-01-31T21:00,12,98,5.5
2023-01-31T22:00,12,99,4.7
2023-01-31T23:00,11,100,4.4
2023-02-01T00:00,13,97,3.3
2023-02-01T01:00,15,90,1.9
2023-02-01T02:00,16,83,2.9
2023-02-01T03:00,17,77,1.1
2023-02-01T04:00,19,72,6.8
2023-02-01T05:00,20,66,6.0
2023-02-01T06:00,22,59,5.5
2023-02-01T07:00,23,55,6.5
2023-02-01T08:00,24,52,7.4
2023-02-01T09:00,24,52,8.1
2023-02-01T10:00,24,56,4.2
2023-02-01T11:00,22,71,18.5
2023-02-01T12:00,20,77,14.3
2023-02-01T13:00,19,85,13.5
2023-02-01T14:00,18,92,10.7
2023-02-01T15:00,17,95,7.6
2023-02-01T16:00,18,90,4.1
2023-02-01T17:00,18,90,2.5
2023-02-01T18:00,18,90,4.0
2023-02-01T19:00,18,92,7.7
2023-02-01T20:00,18,95,2.1
2023-02-01T21:00,18,96,2.4
2023-02-01T22:00,18,96,8.2
2023-02-01T23:00,18,95,8.6
2023-02-02T00:00,18,97,3.1
2023-02-02T01:00,19,95,2.8
2023-02-02T02:00,20,91,1.0
2023-02-02T03:00,20,88,3.6
2023-02-02T04:00,22,79,4.0
2023-02-02T05:00,22,77,5.8
2023-02-02T06:00,22,79,5.4
2023-02-02T07:00,22,78,2.0
2023-02-02T08:00,23,75,2.5
2023-02-02T09:00,24,73,7.5
2023-02-02T10:00,24,73,10.9
2023-02-02T11:00,23,78,10.2
2023-02-02T12:00,21,87,10.0
2023-02-02T13:00,20,91,9.0
2023-02-02T14:00,19,93,8.4
2023-02-02T15:00,20,91,6.1
2023-02-02T16:00,20,93,2.9
2023-02-02T17:00,20,94,3.6
2023-02-02T18:00,19,95,3.9
2023-02-02T19:00,19,97,3.6
2023-02-02T20:00,19,97,4.2
2023-02-02T21:00,19,97,1.0
2023-02-02T22:00,19,98,1.8
2023-02-02T23:00,19,98,4.1
2023-02-03T00:00,19,99,1.8
2023-02-03T01:00,20,96,2.2
2023-02-03T02:00,20,95,1.8
2023-02-03T03:00,20,94,3.7
2023-02-03T04:00,20,94,7.1
2023-02-03T05:00,20,95,9.5
2023-02-03T06:00,20,94,9.3
2023-02-03T07:00,20,93,8.7
2023-02-03T08:00,20,91,9.8
2023-02-03T09:00,20,94,12.7
2023-02-03T10:00,20,92,13.2
2023-02-03T11:00,19,93,11.9
2023-02-03T12:00,19,94,10.0
2023-02-03T13:00,19,93,8.9
2023-02-03T14:00,19,93,8.7
2023-02-03T15:00,19,93,9.8
2023-02-03T16:00,19,94,11.1
2023-02-03T17:00,18,94,10.4
2023-02-03T18:00,18,94,8.1
2023-02-03T19:00,18,95,5.4
2023-02-03T20:00,18,96,5.1
2023-02-03T21:00,18,98,4.5
2023-02-03T22:00,18,98,5.2
2023-02-03T23:00,18,98,6.8
2023-02-04T00:00,18,98,7.3
2023-02-04T01:00,18,97,8.3
2023-02-04T02:00,19,95,7.6
2023-02-04T03:00,20,91,9.3
2023-02-04T04:00,21,85,9.3
2023-02-04T05:00,22,81,10.2
2023-02-04T06:00,23,81,9.1
2023-02-04T07:00,24,75,11.9
2023-02-04T08:00,25,74,16.8
2023-02-04T09:00,23,84,16.1
2023-02-04T10:00,22,87,14.4
2023-02-04T11:00,21,90,13.7
2023-02-04T12:00,21,91,14.8
2023-02-04T13:00,20,91,15.1
2023-02-04T14:00,20,92,14.2
2023-02-04T15:00,20,93,12.6
2023-02-04T16:00,20,94,15.5
2023-02-04T17:00,20,96,14.8
2023-02-04T18:00,20,96,14.4
2023-02-04T19:00,19,97,11.6
2023-02-04T20:00,19,97,15.7
2023-02-04T21:00,19,97,13.8
2023-02-04T22:00,19,97,14.0
2023-02-04T23:00,19,97,11.1
2023-02-05T00:00,19,96,13.5
2023-02-05T01:00,19,97,12.8
2023-02-05T02:00,20,96,11.6
2023-02-05T03:00,20,96,8.6
2023-02-05T04:00,20,96,4.3
2023-02-05T05:00,20,96,11.2
2023-02-05T06:00,20,94,12.1
2023-02-05T07:00,22,84,13.9
2023-02-05T08:00,21,90,14.5
2023-02-05T09:00,21,88,15.2
2023-02-05T10:00,21,89,13.5
2023-02-05T11:00,20,91,14.1
2023-02-05T12:00,20,89,13.9
2023-02-05T13:00,20,89,14.7
2023-02-05T14:00,20,89,14.3
2023-02-05T15:00,19,90,13.0
2023-02-05T16:00,19,91,11.2
2023-02-05T17:00,19,91,10.7
2023-02-05T18:00,19,91,11.3
2023-02-05T19:00,19,92,13.7
2023-02-05T20:00,19,93,13.9
2023-02-05T21:00,19,95,11.2
2023-02-05T22:00,19,96,11.6
2023-02-05T23:00,19,96,11.6
2023-02-06T00:00,19,97,7.1
2023-02-06T01:00,19,95,10.0
2023-02-06T02:00,19,94,10.9
2023-02-06T03:00,20,89,13.2
2023-02-06T04:00,21,86,14.3
2023-02-06T05:00,22,84,13.8
2023-02-06T06:00,21,85,12.5
2023-02-06T07:00,22,83,13.7
2023-02-06T08:00,22,81,14.3
2023-02-06T09:00,22,82,16.6
2023-02-06T10:00,22,83,16.0
2023-02-06T11:00,21,90,12.5
2023-02-06T12:00,20,90,12.7
2023-02-06T13:00,20,91,12.9
2023-02-06T14:00,20,92,10.5
2023-02-06T15:00,20,92,10.1
2023-02-06T16:00,20,93,10.5
2023-02-06T17:00,20,93,11.2
2023-02-06T18:00,20,94,12.5
2023-02-06T19:00,20,96,11.9
2023-02-06T20:00,20,96,12.2
2023-02-06T21:00,19,97,12.8
2023-02-06T22:00,19,96,13.6
2023-02-06T23:00,19,96,14.7
2023-02-07T00:00,19,95,15.1
2023-02-07T01:00,20,93,16.7
2023-02-07T02:00,21,87,18.9
2023-02-07T03:00,22,84,20.9
2023-02-07T04:00,23,81,20.4
2023-02-07T05:00,23,81,19.2
2023-02-07T06:00,23,81,18.4
2023-02-07T07:00,22,85,16.6
2023-02-07T08:00,22,92,13.5
2023-02-07T09:00,22,89,13.3
2023-02-07T10:00,22,88,13.6
2023-02-07T11:00,21,89,13.9
2023-02-07T12:00,21,91,14.7
2023-02-07T13:00,21,91,14.2
2023-02-07T14:00,21,91,13.7
2023-02-07T15:00,20,92,13.4
2023-02-07T16:00,20,93,14.2
2023-02-07T17:00,20,95,14.7
2023-02-07T18:00,20,95,16.2
2023-02-07T19:00,20,96,16.8
2023-02-07T20:00,20,96,14.7
2023-02-07T21:00,19,97,14.1
2023-02-07T22:00,19,97,12.8
2023-02-07T23:00,19,97,12.0
2023-02-08T00:00,19,97,7.9
2023-02-08T01:00,19,97,9.5
2023-02-08T02:00,20,94,12.5
2023-02-08T03:00,21,91,13.5
2023-02-08T04:00,22,87,15.3
2023-02-08T05:00,23,80,17.0
2023-02-08T06:00,23,81,15.4
2023-02-08T07:00,24,82,17.9
2023-02-08T08:00,24,81,18.3
2023-02-08T09:00,24,83,18.6
2023-02-08T10:00,23,90,15.7
2023-02-08T11:00,23,92,16.0
2023-02-08T12:00,21,93,16.3
2023-02-08T13:00,21,92,14.7
2023-02-08T14:00,21,92,12.0
2023-02-08T15:00,21,93,12.5
2023-02-08T16:00,21,96,13.0
2023-02-08T17:00,20,96,12.9
2023-02-08T18:00,20,96,13.2
2023-02-08T19:00,20,96,12.6
2023-02-08T20:00,20,97,11.5
2023-02-08T21:00,20,97,10.6
2023-02-08T22:00,20,98,9.4
2023-02-08T23:00,20,98,8.7
2023-02-09T00:00,21,98,9.2
2023-02-09T01:00,21,98,10.7
2023-02-09T02:00,21,97,11.5
2023-02-09T03:00,21,96,11.1
2023-02-09T04:00,21,95,11.9
2023-02-09T05:00,22,91,13.8
2023-02-09T06:00,24,84,12.0
2023-02-09T07:00,24,80,16.6
2023-02-09T08:00,24,82,16.2
2023-02-09T09:00,23,85,17.4
2023-02-09T10:00,23,85,16.0
2023-02-09T11:00,22,90,14.6
2023-02-09T12:00,21,92,13.8
2023-02-09T13:00,21,92,14.5
2023-02-09T14:00,21,92,14.1
2023-02-09T15:00,21,92,13.8
2023-02-09T16:00,21,92,12.8
2023-02-09T17:00,21,93,13.2
2023-02-09T18:00,21,93,14.3
2023-02-09T19:00,20,93,13.1
2023-02-09T20:00,20,93,12.0
2023-02-09T21:00,20,93,10.8
2023-02-09T22:00,20,95,10.3
2023-02-09T23:00,20,95,10.5
2023-02-10T00:00,20,96,11.7
2023-02-10T01:00,21,94,14.0
2023-02-10T02:00,22,90,16.5
2023-02-10T03:00,24,83,19.0
2023-02-10T04:00,25,77,15.7
2023-02-10T05:00,27,67,21.4
2023-02-10T06:00,27,65,22.7
2023-02-10T07:00,27,65,21.9
2023-02-10T08:00,27,71,25.2
2023-02-10T09:00,27,70,24.4
2023-02-10T10:00,26,73,20.5
2023-02-10T11:00,24,80,20.1
2023-02-10T12:00,23,88,17.3
2023-02-10T13:00,22,91,16.6
2023-02-10T14:00,22,93,15.0
2023-02-10T15:00,22,94,13.9
2023-02-10T16:00,22,94,12.5
2023-02-10T17:00,22,94,12.5
2023-02-10T18:00,22,95,12.0
2023-02-10T19:00,21,96,12.1
2023-02-10T20:00,21,97,11.5
2023-02-10T21:00,21,97,12.2
2023-02-10T22:00,21,97,14.1
2023-02-10T23:00,21,97,14.8
2023-02-11T00:00,21,97,14.4
2023-02-11T01:00,22,95,17.2
2023-02-11T02:00,22,91,21.9
2023-02-11T03:00,24,86,23.1
2023-02-11T04:00,25,79,24.2
2023-02-11T05:00,26,76,21.7
2023-02-11T06:00,27,72,22.9
2023-02-11T07:00,28,67,23.5
2023-02-11T08:00,28,67,25.0
2023-02-11T09:00,27,70,23.8
2023-02-11T10:00,26,73,21.3
2023-02-11T11:00,25,80,17.2
2023-02-11T12:00,23,88,16.2
2023-02-11T13:00,22,92,13.7
2023-02-11T14:00,21,95,15.0
2023-02-11T15:00,21,96,15.0
2023-02-11T16:00,21,96,15.8
2023-02-11T17:00,21,96,15.9
2023-02-11T18:00,21,96,16.1
2023-02-11T19:00,20,96,15.0
2023-02-11T20:00,20,97,12.0
2023-02-11T21:00,20,98,8.4
2023-02-11T22:00,20,98,8.9
2023-02-11T23:00,20,97,8.4
2023-02-12T00:00,21,96,10.2
2023-02-12T01:00,22,92,12.7
2023-02-12T02:00,22,91,13.8
2023-02-12T03:00,24,83,12.4
2023-02-12T04:00,26,76,12.7
2023-02-12T05:00,28,67,11.0
2023-02-12T06:00,30,62,11.6
2023-02-12T07:00,31,59,14.1
2023-02-12T08:00,32,57,15.5
2023-02-12T09:00,31,58,17.1
2023-02-12T10:00,29,65,16.2
2023-02-12T11:00,27,74,15.3
2023-02-12T12:00,25,83,15.1
2023-02-12T13:00,24,88,13.6
2023-02-12T14:00,23,92,13.2
2023-02-12T15:00,22,94,13.3
2023-02-12T16:00,22,95,13.2
2023-02-12T17:00,21,95,12.5
2023-02-12T18:00,21,96,11.3
2023-02-12T19:00,21,96,11.0
2023-02-12T20:00,21,97,10.2
2023-02-12T21:00,20,98,6.5
2023-02-12T22:00,20,98,6.8
2023-02-12T23:00,20,99,6.5
2023-02-13T00:00,21,98,9.8
2023-02-13T01:00,22,94,9.0
2023-02-13T02:00,23,91,8.0
2023-02-13T03:00,24,88,5.9
2023-02-13T04:00,25,81,4.7
2023-02-13T05:00,27,67,6.9
2023-02-13T06:00,29,60,7.7
2023-02-13T07:00,29,57,10.7
2023-02-13T08:00,29,57,11.0
2023-02-13T09:00,29,57,12.9
2023-02-13T10:00,28,60,18.8
2023-02-13T11:00,23,70,23.1
2023-02-13T12:00,24,87,17.6
2023-02-13T13:00,23,92,15.9
2023-02-13T14:00,22,93,13.2
2023-02-13T15:00,23,86,10.6
2023-02-13T16:00,22,91,14.7
2023-02-13T17:00,19,77,22.1
2023-02-13T18:00,19,70,23.0
2023-02-13T19:00,18,68,22.3
2023-02-13T20:00,17,67,21.3
2023-02-13T21:00,16,66,15.6
2023-02-13T22:00,16,69,14.9
2023-02-13T23:00,15,70,17.9
2023-02-14T00:00,18,61,20.9
2023-02-14T01:00,18,58,20.1
2023-02-14T02:00,17,59,18.5
2023-02-14T03:00,16,62,17.5
2023-02-14T04:00,16,62,19.0
2023-02-14T05:00,15,70,16.7
2023-02-14T06:00,15,71,15.3
2023-02-14T07:00,17,62,14.8
2023-02-14T08:00,18,57,12.5
2023-02-14T09:00,18,54,11.5
2023-02-14T10:00,18,55,8.9
2023-02-14T11:00,18,56,6.6
2023-02-14T12:00,17,58,10.4
2023-02-14T13:00,17,61,9.5
2023-02-14T14:00,16,67,8.2
2023-02-14T15:00,15,74,7.5
2023-02-14T16:00,15,76,7.8
2023-02-14T17:00,15,75,10.0
2023-02-14T18:00,15,72,11.6
2023-02-14T19:00,15,74,12.9
2023-02-14T20:00,14,78,13.8
2023-02-14T21:00,14,75,13.2
2023-02-14T22:00,14,68,15.3
2023-02-14T23:00,14,65,14.2
2023-02-15T00:00,15,62,14.3
2023-02-15T01:00,15,60,16.2
2023-02-15T02:00,15,58,14.5
2023-02-15T03:00,16,58,12.7
2023-02-15T04:00,16,58,13.0
2023-02-15T05:00,16,56,12.8
2023-02-15T06:00,17,53,10.7
2023-02-15T07:00,17,51,9.8
2023-02-15T08:00,18,50,9.4
2023-02-15T09:00,18,50,8.0
2023-02-15T10:00,18,50,7.0
2023-02-15T11:00,17,53,4.0
2023-02-15T12:00,16,58,7.9
2023-02-15T13:00,16,58,6.9
2023-02-15T14:00,16,59,6.0
2023-02-15T15:00,16,60,6.6
2023-02-15T16:00,16,61,6.6
2023-02-15T17:00,16,65,5.4
2023-02-15T18:00,15,69,4.9
2023-02-15T19:00,15,70,5.0
2023-02-15T20:00,15,67,5.4
2023-02-15T21:00,15,63,8.0
2023-02-15T22:00,15,63,9.3
2023-02-15T23:00,15,63,9.5
2023-02-16T00:00,15,67,10.0
2023-02-16T01:00,16,65,10.0
2023-02-16T02:00,16,64,9.9
2023-02-16T03:00,17,62,9.1
2023-02-16T04:00,17,61,7.7
2023-02-16T05:00,18,61,6.7
2023-02-16T06:00,18,59,5.1
2023-02-16T07:00,19,58,4.5
2023-02-16T08:00,19,57,4.9
2023-02-16T09:00,19,57,7.3
2023-02-16T10:00,18,59,8.9
2023-02-16T11:00,17,65,5.1
2023-02-16T12:00,16,69,3.1
2023-02-16T13:00,16,75,3.4
2023-02-16T14:00,16,75,3.3
2023-02-16T15:00,15,83,4.4
2023-02-16T16:00,14,89,5.9
2023-02-16T17:00,15,84,2.5
2023-02-16T18:00,14,87,2.2
2023-02-16T19:00,13,96,5.6
2023-02-16T20:00,13,93,5.0
2023-02-16T21:00,14,87,3.9
2023-02-16T22:00,14,86,2.5
2023-02-16T23:00,14,84,2.5
2023-02-17T00:00,15,84,3.0
2023-02-17T01:00,16,78,3.3
2023-02-17T02:00,17,71,4.0
2023-02-17T03:00,18,67,2.4
2023-02-17T04:00,18,67,2.5
2023-02-17T05:00,19,64,3.7
2023-02-17T06:00,20,65,7.9
2023-02-17T07:00,21,64,9.9
2023-02-17T08:00,21,64,9.4
2023-02-17T09:00,21,63,10.5
2023-02-17T10:00,21,64,10.7
2023-02-17T11:00,20,68,8.2
2023-02-17T12:00,19,73,7.4
2023-02-17T13:00,19,74,11.5
2023-02-17T14:00,18,79,10.1
2023-02-17T15:00,17,81,8.5
2023-02-17T16:00,16,85,8.9
2023-02-17T17:00,16,90,7.4
2023-02-17T18:00,15,93,7.4
2023-02-17T19:00,15,96,6.1
2023-02-17T20:00,14,98,6.7
2023-02-17T21:00,15,97,4.5
2023-02-17T22:00,15,97,1.1
2023-02-17T23:00,14,99,1.9
2023-02-18T00:00,15,96,3.1
2023-02-18T01:00,17,89,3.1
2023-02-18T02:00,18,83,2.6
2023-02-18T03:00,20,74,3.0
2023-02-18T04:00,21,71,4.8
2023-02-18T05:00,22,65,8.0
2023-02-18T06:00,23,62,9.9
2023-02-18T07:00,24,58,10.5
2023-02-18T08:00,24,56,12.2
2023-02-18T09:00,24,57,13.9
2023-02-18T10:00,23,61,13.0
2023-02-18T11:00,22,70,15.5
2023-02-18T12:00,21,76,14.1
2023-02-18T13:00,20,80,13.7
2023-02-18T14:00,19,84,11.1
2023-02-18T15:00,19,85,6.9
2023-02-18T16:00,18,90,3.4
2023-02-18T17:00,17,94,4.7
2023-02-18T18:00,16,97,5.9
2023-02-18T19:00,17,97,4.4
2023-02-18T20:00,17,95,6.5
2023-02-18T21:00,17,94,5.8
2023-02-18T22:00,18,89,8.0
2023-02-18T23:00,18,85,10.0
2023-02-19T00:00,17,92,7.7
2023-02-19T01:00,19,87,8.9
2023-02-19T02:00,19,86,9.4
2023-02-19T03:00,20,82,10.9
2023-02-19T04:00,21,83,10.1
2023-02-19T05:00,23,71,11.8
2023-02-19T06:00,20,80,16.9
2023-02-19T07:00,23,57,18.7
2023-02-19T08:00,24,54,18.2
2023-02-19T09:00,23,56,17.3
2023-02-19T10:00,22,59,14.0
2023-02-19T11:00,22,61,12.2
2023-02-19T12:00,20,67,12.0
2023-02-19T13:00,19,70,9.0
2023-02-19T14:00,18,72,8.3
2023-02-19T15:00,18,74,7.5
2023-02-19T16:00,17,77,7.1
2023-02-19T17:00,17,80,8.0
2023-02-19T18:00,17,79,9.7
2023-02-19T19:00,17,73,11.9
2023-02-19T20:00,18,70,12.4
2023-02-19T21:00,18,69,10.7
2023-02-19T22:00,17,68,9.9
2023-02-19T23:00,17,67,9.0
2023-02-20T00:00,18,70,7.3
2023-02-20T01:00,19,64,8.2
2023-02-20T02:00,20,58,10.5
2023-02-20T03:00,21,56,10.5
2023-02-20T04:00,21,54,9.0
2023-02-20T05:00,22,52,8.5
2023-02-20T06:00,23,52,6.1
2023-02-20T07:00,23,51,3.7
2023-02-20T08:00,24,50,1.6
2023-02-20T09:00,24,49,1.1
2023-02-20T10:00,24,50,0.0
2023-02-20T11:00,22,63,3.3
2023-02-20T12:00,21,64,6.3
2023-02-20T13:00,19,65,12.6
2023-02-20T14:00,18,69,12.9
2023-02-20T15:00,18,73,12.7
2023-02-20T16:00,17,77,10.4
2023-02-20T17:00,16,88,6.9
2023-02-20T18:00,15,89,5.1
2023-02-20T19:00,16,86,2.3
2023-02-20T20:00,16,87,1.8
2023-02-20T21:00,16,89,1.5
2023-02-20T22:00,16,92,1.9
2023-02-20T23:00,15,94,1.9
2023-02-21T00:00,16,94,2.5
2023-02-21T01:00,19,79,2.6
2023-02-21T02:00,20,70,4.0
2023-02-21T03:00,22,63,7.0
2023-02-21T04:00,24,56,10.6
2023-02-21T05:00,25,52,13.8
2023-02-21T06:00,24,54,13.7
2023-02-21T07:00,25,53,13.5
2023-02-21T08:00,24,54,14.0
2023-02-21T09:00,24,55,13.0
2023-02-21T10:00,23,58,16.0
2023-02-21T11:00,22,63,15.8
2023-02-21T12:00,20,70,10.5
2023-02-21T13:00,19,73,9.7
2023-02-21T14:00,18,79,8.2
2023-02-21T15:00,18,81,8.7
2023-02-21T16:00,17,83,7.6
2023-02-21T17:00,17,89,5.8
2023-02-21T18:00,16,92,5.2
2023-02-21T19:00,16,95,7.3
2023-02-21T20:00,17,90,3.7
2023-02-21T21:00,17,91,1.5
2023-02-21T22:00,17,94,2.7
2023-02-21T23:00,17,91,5.0
2023-02-22T00:00,18,88,6.6
2023-02-22T01:00,18,81,13.7
2023-02-22T02:00,19,76,15.6
2023-02-22T03:00,21,69,15.3
2023-02-22T04:00,21,62,15.8
2023-02-22T05:00,22,59,15.6
2023-02-22T06:00,22,58,15.5
2023-02-22T07:00,22,57,15.0
2023-02-22T08:00,23,53,14.5
2023-02-22T09:00,23,54,14.0
2023-02-22T10:00,22,56,13.0
2023-02-22T11:00,21,61,13.5
2023-02-22T12:00,20,65,12.7
2023-02-22T13:00,20,68,12.1
2023-02-22T14:00,19,71,11.2
2023-02-22T15:00,18,75,11.5
2023-02-22T16:00,18,80,10.2
2023-02-22T17:00,16,88,5.8
2023-02-22T18:00,17,85,4.3
2023-02-22T19:00,17,84,5.4
2023-02-22T20:00,17,85,3.3
2023-02-22T21:00,17,84,2.8
2023-02-22T22:00,17,86,2.9
2023-02-22T23:00,17,83,5.0
2023-02-23T00:00,17,84,4.7
2023-02-23T01:00,18,80,5.6
2023-02-23T02:00,20,73,8.7
2023-02-23T03:00,21,69,9.4
2023-02-23T04:00,23,62,10.1
2023-02-23T05:00,23,60,12.1
2023-02-23T06:00,24,61,12.4
2023-02-23T07:00,24,60,12.1
2023-02-23T08:00,24,62,12.5
2023-02-23T09:00,24,62,13.8
2023-02-23T10:00,23,67,18.1
2023-02-23T11:00,21,70,16.0
2023-02-23T12:00,21,73,14.1
2023-02-23T13:00,20,78,15.2
2023-02-23T14:00,19,82,13.7
2023-02-23T15:00,19,83,10.6
2023-02-23T16:00,18,85,9.2
2023-02-23T17:00,18,87,7.7
2023-02-23T18:00,18,88,6.3
2023-02-23T19:00,18,87,6.5
2023-02-23T20:00,18,86,6.5
2023-02-23T21:00,18,85,5.5
2023-02-23T22:00,18,86,5.3
2023-02-23T23:00,18,86,3.6
2023-02-24T00:00,18,89,5.4
2023-02-24T01:00,19,86,6.4
2023-02-24T02:00,19,82,10.0
2023-02-24T03:00,20,77,11.8
2023-02-24T04:00,20,74,16.8
2023-02-24T05:00,20,64,20.9
2023-02-24T06:00,20,59,21.9
2023-02-24T07:00,21,55,20.9
2023-02-24T08:00,20,55,19.8
2023-02-24T09:00,20,55,17.9
2023-02-24T10:00,20,54,15.3
2023-02-24T11:00,19,52,15.8
2023-02-24T12:00,18,56,15.7
2023-02-24T13:00,18,54,13.0
2023-02-24T14:00,18,54,9.7
2023-02-24T15:00,18,54,10.8
2023-02-24T16:00,18,56,13.3
2023-02-24T17:00,17,57,11.8
2023-02-24T18:00,17,55,12.1
2023-02-24T19:00,18,51,13.7
2023-02-24T20:00,17,51,13.6
2023-02-24T21:00,17,51,13.6
2023-02-24T22:00,17,52,13.7
2023-02-24T23:00,16,52,13.9
2023-02-25T00:00,17,53,13.7
2023-02-25T01:00,17,49,15.6
2023-02-25T02:00,18,43,18.7
2023-02-25T03:00,19,41,18.1
2023-02-25T04:00,20,40,17.1
2023-02-25T05:00,21,38,16.0
2023-02-25T06:00,22,37,14.9
2023-02-25T07:00,22,36,14.2
2023-02-25T08:00,23,35,14.6
2023-02-25T09:00,22,35,14.8
2023-02-25T10:00,21,38,14.0
2023-02-25T11:00,20,41,11.8
2023-02-25T12:00,17,57,9.1
2023-02-25T13:00,18,56,16.3
2023-02-25T14:00,16,66,12.5
2023-02-25T15:00,16,69,9.4
2023-02-25T16:00,14,76,6.1
2023-02-25T17:00,16,72,5.6
2023-02-25T18:00,15,76,2.5
2023-02-25T19:00,13,90,6.3
2023-02-25T20:00,13,86,7.6
2023-02-25T21:00,13,74,10.9
2023-02-25T22:00,13,60,13.6
2023-02-25T23:00,13,54,15.3
2023-02-26T00:00,13,56,13.4
2023-02-26T01:00,15,50,14.2
2023-02-26T02:00,17,44,17.5
2023-02-26T03:00,19,38,17.8
2023-02-26T04:00,20,33,16.9
2023-02-26T05:00,21,32,14.6
2023-02-26T06:00,22,31,12.5
2023-02-26T07:00,22,32,11.2
2023-02-26T08:00,22,32,11.0
2023-02-26T09:00,22,33,10.9
2023-02-26T10:00,21,35,8.4
2023-02-26T11:00,17,51,8.6
2023-02-26T12:00,19,42,4.5
2023-02-26T13:00,16,55,14.1
2023-02-26T14:00,15,68,12.0
2023-02-26T15:00,14,70,11.7
2023-02-26T16:00,14,74,8.7
2023-02-26T17:00,13,82,5.7
2023-02-26T18:00,12,90,7.7
2023-02-26T19:00,13,85,3.4
2023-02-26T20:00,12,93,2.6
2023-02-26T21:00,11,96,5.4
2023-02-26T22:00,11,94,5.4
2023-02-26T23:00,10,93,5.8
2023-02-27T00:00,12,90,8.0
2023-02-27T01:00,14,75,6.5
2023-02-27T02:00,17,60,7.7
2023-02-27T03:00,19,49,6.4
2023-02-27T04:00,21,44,5.1
2023-02-27T05:00,22,38,6.4
2023-02-27T06:00,22,40,7.7
2023-02-27T07:00,23,39,7.7
2023-02-27T08:00,23,38,8.1
2023-02-27T09:00,23,40,10.2
2023-02-27T10:00,22,44,12.2
2023-02-27T11:00,20,52,10.7
2023-02-27T12:00,17,62,6.4
2023-02-27T13:00,17,61,12.7
2023-02-27T14:00,16,68,13.4
2023-02-27T15:00,15,71,11.2
2023-02-27T16:00,15,75,8.2
2023-02-27T17:00,14,82,6.4
2023-02-27T18:00,13,90,5.8
2023-02-27T19:00,12,94,7.9
2023-02-27T20:00,14,89,5.5
2023-02-27T21:00,14,90,2.5
2023-02-27T22:00,12,96,3.8
2023-02-27T23:00,11,98,5.6
2023-02-28T00:00,13,94,5.6
2023-02-28T01:00,15,79,3.4
2023-02-28T02:00,18,71,2.1
2023-02-28T03:00,19,66,4.1
2023-02-28T04:00,21,59,5.4
2023-02-28T05:00,22,55,8.9
2023-02-28T06:00,23,52,10.0
2023-02-28T07:00,24,49,9.9
2023-02-28T08:00,23,50,12.2
2023-02-28T09:00,23,52,14.0
2023-02-28T10:00,22,57,14.3
2023-02-28T11:00,21,63,12.1
2023-02-28T12:00,19,70,10.7
2023-02-28T13:00,18,76,14.8
2023-02-28T14:00,17,83,12.5
2023-02-28T15:00,17,89,10.0
2023-02-28T16:00,16,93,8.9
2023-02-28T17:00,15,96,7.0
2023-02-28T18:00,15,97,6.4
2023-02-28T19:00,14,99,4.6
2023-02-28T20:00,14,100,5.7
2023-02-28T21:00,14,100,3.6
2023-02-28T22:00,15,98,4.1
2023-02-28T23:00,16,97,4.8
2023-03-01T00:00,16,95,5.4
2023-03-01T01:00,17,89,6.0
2023-03-01T02:00,18,81,5.8
2023-03-01T03:00,20,73,6.0
2023-03-01T04:00,21,67,5.4
2023-03-01T05:00,22,63,6.6
2023-03-01T06:00,23,61,7.7
2023-03-01T07:00,23,59,8.4
2023-03-01T08:00,23,59,8.5
2023-03-01T09:00,23,59,9.2
2023-03-01T10:00,23,61,10.2
2023-03-01T11:00,22,66,8.4
2023-03-01T12:00,21,74,4.6
2023-03-01T13:00,21,73,6.1
2023-03-01T14:00,19,79,5.8
2023-03-01T15:00,19,83,6.5
2023-03-01T16:00,17,94,5.6
2023-03-01T17:00,18,90,3.9
2023-03-01T18:00,18,89,4.7
2023-03-01T19:00,18,91,5.0
2023-03-01T20:00,17,96,5.5
2023-03-01T21:00,17,96,5.3
2023-03-01T22:00,16,96,5.8
2023-03-01T23:00,17,94,8.6
2023-03-02T00:00,18,89,9.4
2023-03-02T01:00,20,75,9.1
2023-03-02T02:00,22,59,11.9
2023-03-02T03:00,24,51,11.0
2023-03-02T04:00,25,46,9.1
2023-03-02T05:00,27,42,9.0
2023-03-02T06:00,26,44,10.9
2023-03-02T07:00,26,45,10.8
2023-03-02T08:00,26,45,10.7
2023-03-02T09:00,25,46,10.7
2023-03-02T10:00,25,49,10.6
2023-03-02T11:00,23,51,16.4
2023-03-02T12:00,21,57,13.8
2023-03-02T13:00,20,60,13.5
2023-03-02T14:00,19,64,13.2
2023-03-02T15:00,18,69,8.3
2023-03-02T16:00,17,76,6.0
2023-03-02T17:00,17,80,6.7
2023-03-02T18:00,16,86,6.3
2023-03-02T19:00,16,87,7.1
2023-03-02T20:00,17,83,5.1
2023-03-02T21:00,17,85,3.6
2023-03-02T22:00,16,87,3.6
2023-03-02T23:00,16,87,4.2
2023-03-03T00:00,16,88,6.0
2023-03-03T01:00,19,75,5.6
2023-03-03T02:00,20,69,5.1
2023-03-03T03:00,22,66,10.0
2023-03-03T04:00,23,63,9.7
2023-03-03T05:00,24,60,7.3
2023-03-03T06:00,25,54,9.4
2023-03-03T07:00,25,55,11.4
2023-03-03T08:00,25,52,10.0
2023-03-03T09:00,24,54,14.8
2023-03-03T10:00,24,60,14.6
2023-03-03T11:00,23,65,12.8
2023-03-03T12:00,21,73,10.5
2023-03-03T13:00,20,78,11.2
2023-03-03T14:00,19,83,8.9
2023-03-03T15:00,18,87,6.1
2023-03-03T16:00,18,87,3.7
2023-03-03T17:00,19,88,3.8
2023-03-03T18:00,18,86,5.0
2023-03-03T19:00,18,75,9.6
2023-03-03T20:00,18,75,9.9
2023-03-03T21:00,17,75,9.2
2023-03-03T22:00,17,79,8.4
2023-03-03T23:00,16,82,7.4
2023-03-04T00:00,17,77,6.6
2023-03-04T01:00,18,72,7.4
2023-03-04T02:00,19,68,6.3
2023-03-04T03:00,21,64,4.0
2023-03-04T04:00,22,59,5.2
2023-03-04T05:00,23,56,3.2
2023-03-04T06:00,23,54,2.0
2023-03-04T07:00,24,52,2.8
2023-03-04T08:00,24,52,3.3
2023-03-04T09:00,24,52,4.6
2023-03-04T10:00,23,53,4.8
2023-03-04T11:00,22,66,5.9
2023-03-04T12:00,20,69,5.6
2023-03-04T13:00,19,71,5.8
2023-03-04T14:00,19,77,5.6
2023-03-04T15:00,17,84,5.0
2023-03-04T16:00,17,85,5.7
2023-03-04T17:00,16,89,7.9
2023-03-04T18:00,16,93,7.8
2023-03-04T19:00,16,93,6.6
2023-03-04T20:00,15,95,6.5
2023-03-04T21:00,16,95,5.4
2023-03-04T22:00,16,96,5.6
2023-03-04T23:00,15,97,7.2
2023-03-05T00:00,16,95,9.2
2023-03-05T01:00,18,85,6.9
2023-03-05T02:00,20,73,7.4
2023-03-05T03:00,22,64,6.6
2023-03-05T04:00,24,57,2.2
2023-03-05T05:00,24,53,2.8
2023-03-05T06:00,25,50,5.3
2023-03-05T07:00,25,50,6.1
2023-03-05T08:00,25,49,7.9
2023-03-05T09:00,25,50,9.4
2023-03-05T10:00,24,52,10.2
2023-03-05T11:00,23,56,8.4
2023-03-05T12:00,22,59,12.3
2023-03-05T13:00,21,64,16.8
2023-03-05T14:00,20,71,13.9
2023-03-05T15:00,19,77,12.8
2023-03-05T16:00,18,81,9.5
2023-03-05T17:00,17,86,6.2
2023-03-05T18:00,17,90,5.4
2023-03-05T19:00,16,91,5.7
2023-03-05T20:00,16,93,6.7
2023-03-05T21:00,16,94,5.5
2023-03-05T22:00,15,95,5.8
2023-03-05T23:00,15,97,5.5
2023-03-06T00:00,16,95,7.9
2023-03-06T01:00,19,84,6.0
2023-03-06T02:00,21,72,9.9
2023-03-06T03:00,23,61,11.6
2023-03-06T04:00,24,55,13.4
2023-03-06T05:00,25,54,14.0
2023-03-06T06:00,25,53,13.8
2023-03-06T07:00,25,54,13.3
2023-03-06T08:00,25,53,14.2
2023-03-06T09:00,25,54,14.8
2023-03-06T10:00,24,62,17.6
2023-03-06T11:00,23,69,15.7
2023-03-06T12:00,21,73,17.1
2023-03-06T13:00,21,79,16.9
2023-03-06T14:00,19,87,14.6
2023-03-06T15:00,19,91,12.6
2023-03-06T16:00,18,94,9.7
2023-03-06T17:00,18,97,7.7
2023-03-06T18:00,17,98,5.9
2023-03-06T19:00,17,98,8.1
2023-03-06T20:00,18,90,9.7
2023-03-06T21:00,18,85,9.2
2023-03-06T22:00,18,83,10.4
2023-03-06T23:00,17,85,12.1
2023-03-07T00:00,18,83,12.0
2023-03-07T01:00,20,76,13.5
2023-03-07T02:00,20,76,9.0
2023-03-07T03:00,21,72,9.4
2023-03-07T04:00,23,67,14.1
2023-03-07T05:00,24,62,14.2
2023-03-07T06:00,24,59,14.4
2023-03-07T07:00,25,56,13.7
2023-03-07T08:00,26,52,13.0
2023-03-07T09:00,26,49,11.6
2023-03-07T10:00,26,51,15.3
2023-03-07T11:00,24,59,15.1
2023-03-07T12:00,22,67,14.9
2023-03-07T13:00,22,72,16.1
2023-03-07T14:00,20,79,14.1
2023-03-07T15:00,20,84,12.6
2023-03-07T16:00,19,87,10.6
2023-03-07T17:00,18,90,9.4
2023-03-07T18:00,18,94,8.7
2023-03-07T19:00,18,96,9.2
2023-03-07T20:00,19,92,10.9
2023-03-07T21:00,19,91,11.3
2023-03-07T22:00,19,91,10.0
2023-03-07T23:00,19,90,10.8
2023-03-08T00:00,19,89,10.7
2023-03-08T01:00,20,87,11.8
2023-03-08T02:00,21,81,13.0
2023-03-08T03:00,23,70,12.1
2023-03-08T04:00,24,62,9.9
2023-03-08T05:00,25,59,8.6
2023-03-08T06:00,25,58,8.3
2023-03-08T07:00,26,57,7.9
2023-03-08T08:00,25,59,9.2
2023-03-08T09:00,25,61,10.7
2023-03-08T10:00,24,65,11.0
2023-03-08T11:00,23,69,13.2
2023-03-08T12:00,22,77,7.4
2023-03-08T13:00,21,79,6.4
2023-03-08T14:00,21,80,6.2
2023-03-08T15:00,21,83,4.9
2023-03-08T16:00,19,93,6.4
2023-03-08T17:00,19,92,5.1
2023-03-08T18:00,19,94,4.7
2023-03-08T19:00,18,97,3.1
2023-03-08T20:00,18,98,4.3
2023-03-08T21:00,19,96,3.3
2023-03-08T22:00,18,97,5.0
2023-03-08T23:00,17,98,6.4
2023-03-09T00:00,19,95,3.4
2023-03-09T01:00,21,86,4.1
2023-03-09T02:00,23,75,5.7
2023-03-09T03:00,25,66,6.9
2023-03-09T04:00,26,58,6.2
2023-03-09T05:00,27,52,4.7
2023-03-09T06:00,28,49,3.3
2023-03-09T07:00,29,47,2.5
2023-03-09T08:00,28,46,0.4
2023-03-09T09:00,28,47,1.8
2023-03-09T10:00,27,51,6.3
2023-03-09T11:00,26,56,6.8
2023-03-09T12:00,23,68,6.1
2023-03-09T13:00,23,71,14.3
2023-03-09T14:00,22,78,14.4
2023-03-09T15:00,21,81,13.6
2023-03-09T16:00,20,85,12.1
2023-03-09T17:00,19,90,11.0
2023-03-09T18:00,19,94,9.5
2023-03-09T19:00,19,95,8.9
2023-03-09T20:00,18,96,8.9
2023-03-09T21:00,18,96,8.4
2023-03-09T22:00,18,96,6.7
2023-03-09T23:00,18,97,7.8
2023-03-10T00:00,18,96,8.3
2023-03-10T01:00,20,86,6.5
2023-03-10T02:00,23,74,6.6
2023-03-10T03:00,25,62,8.9
2023-03-10T04:00,27,53,12.9
2023-03-10T05:00,28,47,14.9
2023-03-10T06:00,29,45,15.1
2023-03-10T07:00,29,46,14.8
2023-03-10T08:00,29,46,14.7
2023-03-10T09:00,28,46,17.4
2023-03-10T10:00,27,51,21.5
2023-03-10T11:00,25,57,17.8
2023-03-10T12:00,23,64,15.2
2023-03-10T13:00,22,70,15.9
2023-03-10T14:00,21,77,14.7
2023-03-10T15:00,20,85,11.5
2023-03-10T16:00,20,90,9.7
2023-03-10T17:00,19,95,9.4
2023-03-10T18:00,19,97,10.5
2023-03-10T19:00,19,98,10.7
2023-03-10T20:00,20,93,12.2
2023-03-10T21:00,20,93,12.2
2023-03-10T22:00,20,92,12.6
2023-03-10T23:00,20,92,11.3
2023-03-11T00:00,20,88,14.2
2023-03-11T01:00,21,81,15.3
2023-03-11T02:00,22,74,15.0
2023-03-11T03:00,23,68,14.3
2023-03-11T04:00,24,64,13.4
2023-03-11T05:00,25,61,13.3
2023-03-11T06:00,25,60,12.4
2023-03-11T07:00,26,58,12.2
2023-03-11T08:00,26,59,12.9
2023-03-11T09:00,25,62,13.9
2023-03-11T10:00,24,66,15.0
2023-03-11T11:00,23,71,14.1
2023-03-11T12:00,23,71,11.9
2023-03-11T13:00,23,74,10.8
2023-03-11T14:00,22,76,10.0
2023-03-11T15:00,22,79,8.1
2023-03-11T16:00,22,81,7.1
2023-03-11T17:00,21,83,6.6
2023-03-11T18:00,21,85,7.2
2023-03-11T19:00,21,88,7.2
2023-03-11T20:00,19,95,7.2
2023-03-11T21:00,19,97,7.8
2023-03-11T22:00,19,97,7.1
2023-03-11T23:00,18,98,6.0
2023-03-12T00:00,20,94,5.0
2023-03-12T01:00,21,85,3.3
2023-03-12T02:00,23,76,4.2
2023-03-12T03:00,24,69,4.3
2023-03-12T04:00,26,62,4.6
2023-03-12T05:00,27,58,3.3
2023-03-12T06:00,27,55,3.4
2023-03-12T07:00,27,54,2.1
2023-03-12T08:00,28,51,2.3
2023-03-12T09:00,28,52,4.7
2023-03-12T10:00,27,53,5.3
2023-03-12T11:00,21,89,26.2
2023-03-12T12:00,23,73,13.4
2023-03-12T13:00,21,91,11.5
2023-03-12T14:00,22,78,19.6
2023-03-12T15:00,21,65,21.1
2023-03-12T16:00,20,54,26.0
2023-03-12T17:00,19,56,24.2
2023-03-12T18:00,18,67,19.8
2023-03-12T19:00,17,78,16.6
2023-03-12T20:00,16,80,14.8
2023-03-12T21:00,15,81,15.4
2023-03-12T22:00,16,74,13.0
2023-03-12T23:00,16,67,8.4
2023-03-13T00:00,17,63,13.3
2023-03-13T01:00,17,53,13.4
2023-03-13T02:00,17,51,17.2
2023-03-13T03:00,17,53,13.5
2023-03-13T04:00,18,49,12.5
2023-03-13T05:00,20,43,12.6
2023-03-13T06:00,20,41,9.5
2023-03-13T07:00,21,40,6.5
2023-03-13T08:00,21,40,5.8
2023-03-13T09:00,21,41,6.4
2023-03-13T10:00,21,44,6.3
2023-03-13T11:00,19,54,5.8
2023-03-13T12:00,18,61,7.9
2023-03-13T13:00,18,63,5.1
2023-03-13T14:00,17,68,4.7
2023-03-13T15:00,16,74,5.8
2023-03-13T16:00,16,79,6.8
2023-03-13T17:00,15,82,6.9
2023-03-13T18:00,15,83,6.9
2023-03-13T19:00,15,81,6.9
2023-03-13T20:00,16,74,4.7
2023-03-13T21:00,16,78,3.4
2023-03-13T22:00,15,83,2.4
2023-03-13T23:00,13,96,5.8
2023-03-14T00:00,15,86,2.6
2023-03-14T01:00,17,70,1.5
2023-03-14T02:00,20,59,3.6
2023-03-14T03:00,22,51,6.8
2023-03-14T04:00,23,48,9.3
2023-03-14T05:00,24,46,10.5
2023-03-14T06:00,25,46,10.5
2023-03-14T07:00,26,46,10.9
2023-03-14T08:00,26,47,11.3
2023-03-14T09:00,26,48,12.1
2023-03-14T10:00,25,51,14.3
2023-03-14T11:00,23,57,20.1
2023-03-14T12:00,21,68,19.0
2023-03-14T13:00,20,71,17.2
2023-03-14T14:00,19,76,16.1
2023-03-14T15:00,18,80,12.7
2023-03-14T16:00,18,83,10.4
2023-03-14T17:00,18,86,9.9
2023-03-14T18:00,17,90,8.7
2023-03-14T19:00,17,92,7.3
2023-03-14T20:00,17,96,6.6
2023-03-14T21:00,17,97,5.9
2023-03-14T22:00,17,94,5.0
2023-03-14T23:00,18,93,4.3
2023-03-15T00:00,19,89,3.8
2023-03-15T01:00,19,86,2.7
2023-03-15T02:00,20,83,2.4
2023-03-15T03:00,21,81,4.5
2023-03-15T04:00,22,78,6.1
2023-03-15T05:00,24,72,6.8
2023-03-15T06:00,25,69,9.0
2023-03-15T07:00,25,69,10.8
2023-03-15T08:00,24,72,14.4
2023-03-15T09:00,25,70,13.7
2023-03-15T10:00,24,74,13.6
2023-03-15T11:00,23,80,14.3
2023-03-15T12:00,22,84,14.1
2023-03-15T13:00,21,85,14.6
2023-03-15T14:00,21,86,13.8
2023-03-15T15:00,20,89,11.0
2023-03-15T16:00,20,93,8.4
2023-03-15T17:00,19,95,8.7
2023-03-15T18:00,19,94,9.4
2023-03-15T19:00,19,94,10.0
2023-03-15T20:00,20,93,10.2
2023-03-15T21:00,20,92,11.6
2023-03-15T22:00,20,91,11.1
2023-03-15T23:00,20,91,11.6
2023-03-16T00:00,21,91,13.7
2023-03-16T01:00,22,84,17.5
2023-03-16T02:00,24,73,17.2
2023-03-16T03:00,25,66,18.3
2023-03-16T04:00,26,60,18.9
2023-03-16T05:00,27,58,18.4
2023-03-16T06:00,27,56,18.8
2023-03-16T07:00,27,56,17.9
2023-03-16T08:00,27,55,17.2
2023-03-16T09:00,26,58,16.2
2023-03-16T10:00,26,58,16.9
2023-03-16T11:00,25,61,15.2
2023-03-16T12:00,23,68,15.6
2023-03-16T13:00,22,77,18.0
2023-03-16T14:00,21,85,16.6
2023-03-16T15:00,21,90,15.1
2023-03-16T16:00,20,93,13.8
2023-03-16T17:00,20,95,13.1
2023-03-16T18:00,20,96,12.8
2023-03-16T19:00,20,95,11.9
2023-03-16T20:00,21,94,11.2
2023-03-16T21:00,21,94,11.7
2023-03-16T22:00,21,93,10.0
2023-03-16T23:00,21,92,9.0
2023-03-17T00:00,21,90,11.8
2023-03-17T01:00,22,84,14.5
2023-03-17T02:00,24,73,15.8
2023-03-17T03:00,25,70,14.1
2023-03-17T04:00,25,67,13.7
2023-03-17T05:00,26,65,13.4
2023-03-17T06:00,26,65,13.8
2023-03-17T07:00,27,62,14.0
2023-03-17T08:00,27,62,17.2
2023-03-17T09:00,27,63,16.2
2023-03-17T10:00,26,64,14.0
2023-03-17T11:00,25,66,14.5
2023-03-17T12:00,23,76,14.3
2023-03-17T13:00,23,81,16.5
2023-03-17T14:00,22,88,14.6
2023-03-17T15:00,21,92,12.8
2023-03-17T16:00,21,95,11.6
2023-03-17T17:00,20,97,10.8
2023-03-17T18:00,20,98,11.1
2023-03-17T19:00,20,97,10.2
2023-03-17T20:00,20,97,11.0
2023-03-17T21:00,21,94,12.0
2023-03-17T22:00,21,93,10.7
2023-03-17T23:00,21,93,12.8
2023-03-18T00:00,21,93,15.3
2023-03-18T01:00,22,88,16.3
2023-03-18T02:00,23,81,14.8
2023-03-18T03:00,24,72,15.8
2023-03-18T04:00,25,67,14.2
2023-03-18T05:00,27,59,17.7
2023-03-18T06:00,28,56,16.6
2023-03-18T07:00,28,56,16.9
2023-03-18T08:00,27,57,17.1
2023-03-18T09:00,27,59,16.6
2023-03-18T10:00,26,63,15.6
2023-03-18T11:00,25,66,17.6
2023-03-18T12:00,23,74,15.3
2023-03-18T13:00,23,77,15.1
2023-03-18T14:00,22,81,14.7
2023-03-18T15:00,21,88,13.7
2023-03-18T16:00,21,91,12.6
2023-03-18T17:00,21,93,10.8
2023-03-18T18:00,20,95,12.0
2023-03-18T19:00,20,97,10.8
2023-03-18T20:00,20,98,11.5
2023-03-18T21:00,20,97,11.8
2023-03-18T22:00,20,96,11.5
2023-03-18T23:00,20,95,11.2
2023-03-19T00:00,21,93,12.8
2023-03-19T01:00,22,86,16.9
2023-03-19T02:00,24,75,20.6
2023-03-19T03:00,25,67,20.9
2023-03-19T04:00,26,62,20.6
2023-03-19T05:00,27,59,19.8
2023-03-19T06:00,28,57,19.4
2023-03-19T07:00,28,56,18.5
2023-03-19T08:00,27,60,18.9
2023-03-19T09:00,26,64,16.8
2023-03-19T10:00,26,67,16.9
2023-03-19T11:00,25,71,13.2
2023-03-19T12:00,23,75,14.3
2023-03-19T13:00,23,80,14.7
2023-03-19T14:00,22,84,15.5
2023-03-19T15:00,21,88,15.1
2023-03-19T16:00,21,91,13.2
2023-03-19T17:00,21,93,12.1
2023-03-19T18:00,21,95,11.5
2023-03-19T19:00,21,95,11.8
2023-03-19T20:00,21,94,11.4
2023-03-19T21:00,21,93,11.6
2023-03-19T22:00,21,93,13.1
2023-03-19T23:00,21,94,11.5
2023-03-20T00:00,22,91,14.3
2023-03-20T01:00,23,86,14.1
2023-03-20T02:00,24,83,13.9
2023-03-20T03:00,25,78,16.9
2023-03-20T04:00,26,73,18.7
2023-03-20T05:00,27,70,18.6
2023-03-20T06:00,28,66,19.1
2023-03-20T07:00,29,62,17.7
2023-03-20T08:00,29,62,17.8
2023-03-20T09:00,29,60,19.3
2023-03-20T10:00,28,68,19.7
2023-03-20T11:00,26,74,17.1
2023-03-20T12:00,24,80,16.1
2023-03-20T13:00,23,85,15.2
2023-03-20T14:00,23,89,14.9
2023-03-20T15:00,22,93,12.4
2023-03-20T16:00,22,95,10.5
2023-03-20T17:00,22,96,12.9
2023-03-20T18:00,22,97,14.1
2023-03-20T19:00,22,97,15.0
2023-03-20T20:00,22,96,15.0
2023-03-20T21:00,22,96,14.5
2023-03-20T22:00,22,96,11.8
2023-03-20T23:00,22,97,8.9
2023-03-21T00:00,23,94,10.0
2023-03-21T01:00,24,89,13.4
2023-03-21T02:00,25,85,12.0
2023-03-21T03:00,26,79,10.8
2023-03-21T04:00,28,72,7.4
2023-03-21T05:00,30,66,5.0
2023-03-21T06:00,31,62,6.4
2023-03-21T07:00,32,59,6.5
2023-03-21T08:00,32,57,5.9
2023-03-21T09:00,33,57,6.9
2023-03-21T10:00,32,63,5.3
2023-03-21T11:00,30,68,7.0
2023-03-21T12:00,27,81,15.6
2023-03-21T13:00,26,82,14.0
2023-03-21T14:00,25,84,12.0
2023-03-21T15:00,25,84,12.5
2023-03-21T16:00,24,85,14.5
2023-03-21T17:00,24,86,15.0
2023-03-21T18:00,24,87,14.8
2023-03-21T19:00,24,88,14.7
2023-03-21T20:00,24,89,13.2
2023-03-21T21:00,23,91,12.4
2023-03-21T22:00,23,93,11.7
2023-03-21T23:00,23,94,9.8
2023-03-22T00:00,23,95,4.3
2023-03-22T01:00,25,87,2.3
2023-03-22T02:00,27,80,2.3
2023-03-22T03:00,29,74,1.9
2023-03-22T04:00,31,66,1.3
2023-03-22T05:00,32,59,2.9
2023-03-22T06:00,34,53,6.0
2023-03-22T07:00,35,38,10.9
2023-03-22T08:00,36,35,9.7
2023-03-22T09:00,35,38,14.8
2023-03-22T10:00,34,43,11.6
2023-03-22T11:00,32,46,13.0
2023-03-22T12:00,29,69,15.1
2023-03-22T13:00,28,72,16.8
2023-03-22T14:00,27,76,14.3
2023-03-22T15:00,26,80,10.5
2023-03-22T16:00,25,83,11.6
2023-03-22T17:00,24,85,12.2
2023-03-22T18:00,24,87,10.1
2023-03-22T19:00,24,86,12.3
2023-03-22T20:00,24,86,11.5
2023-03-22T21:00,23,93,7.8
2023-03-22T22:00,23,93,5.2
2023-03-22T23:00,22,96,4.7
2023-03-23T00:00,24,91,5.8
2023-03-23T01:00,26,82,7.7
2023-03-23T02:00,27,76,4.2
2023-03-23T03:00,29,72,0.5
2023-03-23T04:00,31,66,2.6
2023-03-23T05:00,32,60,2.8
2023-03-23T06:00,34,53,3.5
2023-03-23T07:00,35,50,5.5
2023-03-23T08:00,35,48,6.2
2023-03-23T09:00,35,47,7.1
2023-03-23T10:00,34,53,8.3
2023-03-23T11:00,32,57,12.4
2023-03-23T12:00,29,69,10.7
2023-03-23T13:00,29,70,16.8
2023-03-23T14:00,28,72,15.5
2023-03-23T15:00,27,76,8.0
2023-03-23T16:00,26,80,8.8
2023-03-23T17:00,25,83,7.8
2023-03-23T18:00,24,87,6.2
2023-03-23T19:00,24,91,5.2
2023-03-23T20:00,23,93,7.1
2023-03-23T21:00,24,91,2.3
2023-03-23T22:00,23,96,5.5
2023-03-23T23:00,22,96,8.2
2023-03-24T00:00,23,93,7.7
2023-03-24T01:00,25,82,7.1
2023-03-24T02:00,28,73,7.3
2023-03-24T03:00,29,67,6.8
2023-03-24T04:00,31,61,7.3
2023-03-24T05:00,32,57,7.8
2023-03-24T06:00,33,54,8.0
2023-03-24T07:00,34,51,7.6
2023-03-24T08:00,34,55,12.0
2023-03-24T09:00,31,65,21.3
2023-03-24T10:00,29,68,20.2
2023-03-24T11:00,28,72,19.9
2023-03-24T12:00,27,78,16.9
2023-03-24T13:00,26,82,17.9
2023-03-24T14:00,25,84,15.8
2023-03-24T15:00,25,85,12.0
2023-03-24T16:00,24,85,14.2
2023-03-24T17:00,24,88,7.4
2023-03-24T18:00,23,88,12.7
2023-03-24T19:00,24,84,13.0
2023-03-24T20:00,24,85,12.6
2023-03-24T21:00,24,87,11.0
2023-03-24T22:00,23,93,8.3
2023-03-24T23:00,23,94,9.2
2023-03-25T00:00,24,89,10.2
2023-03-25T01:00,25,87,12.2
2023-03-25T02:00,25,87,13.2
2023-03-25T03:00,24,89,14.0
2023-03-25T04:00,25,84,13.0
2023-03-25T05:00,26,78,11.0
2023-03-25T06:00,28,69,12.0
2023-03-25T07:00,28,71,14.8
2023-03-25T08:00,28,71,15.8
2023-03-25T09:00,27,74,15.8
2023-03-25T10:00,26,78,12.0
2023-03-25T11:00,25,82,11.7
2023-03-25T12:00,25,88,6.5
2023-03-25T13:00,24,93,8.9
2023-03-25T14:00,23,93,10.4
2023-03-25T15:00,22,94,11.9
2023-03-25T16:00,21,91,18.6
2023-03-25T17:00,20,92,17.8
2023-03-25T18:00,19,90,18.7
2023-03-25T19:00,18,90,18.2
2023-03-25T20:00,18,91,14.1
2023-03-25T21:00,17,90,17.2
2023-03-25T22:00,17,91,14.6
2023-03-25T23:00,17,90,12.0
2023-03-26T00:00,19,84,12.5
2023-03-26T01:00,19,81,12.0
2023-03-26T02:00,20,79,11.9
2023-03-26T03:00,22,70,10.1
2023-03-26T04:00,23,66,10.6
2023-03-26T05:00,23,64,9.3
2023-03-26T06:00,23,65,8.6
2023-03-26T07:00,23,66,8.6
2023-03-26T08:00,24,67,7.9
2023-03-26T09:00,23,70,7.6
2023-03-26T10:00,23,75,6.9
2023-03-26T11:00,22,80,6.9
2023-03-26T12:00,21,71,7.9
2023-03-26T13:00,21,75,10.5
2023-03-26T14:00,20,77,10.9
2023-03-26T15:00,20,80,10.7
2023-03-26T16:00,19,82,12.1
2023-03-26T17:00,19,83,12.1
2023-03-26T18:00,19,83,11.3
2023-03-26T19:00,18,84,11.2
2023-03-26T20:00,18,85,12.4
2023-03-26T21:00,18,86,14.4
2023-03-26T22:00,18,86,14.8
2023-03-26T23:00,18,85,15.2
2023-03-27T00:00,18,85,16.4
2023-03-27T01:00,17,84,17.2
2023-03-27T02:00,17,81,16.6
2023-03-27T03:00,18,77,14.5
2023-03-27T04:00,18,77,13.5
2023-03-27T05:00,19,78,11.6
2023-03-27T06:00,20,72,11.6
2023-03-27T07:00,20,69,11.4
2023-03-27T08:00,21,67,10.0
2023-03-27T09:00,20,67,8.2
2023-03-27T10:00,20,67,6.6
2023-03-27T11:00,20,71,3.3
2023-03-27T12:00,19,70,6.9
2023-03-27T13:00,19,70,8.7
2023-03-27T14:00,19,71,9.2
2023-03-27T15:00,19,73,7.2
2023-03-27T16:00,18,76,7.8
2023-03-27T17:00,18,79,7.7
2023-03-27T18:00,18,81,7.4
2023-03-27T19:00,17,81,7.6
2023-03-27T20:00,17,80,7.8
2023-03-27T21:00,17,80,8.5
2023-03-27T22:00,17,81,8.8
2023-03-27T23:00,17,81,8.1
2023-03-28T00:00,17,84,8.9
2023-03-28T01:00,17,82,9.8
2023-03-28T02:00,18,80,10.6
2023-03-28T03:00,18,77,9.8
2023-03-28T04:00,19,75,8.2
2023-03-28T05:00,20,73,7.4
2023-03-28T06:00,21,70,7.2
2023-03-28T07:00,21,70,7.3
2023-03-28T08:00,21,69,7.4
2023-03-28T09:00,21,69,8.0
2023-03-28T10:00,21,70,7.4
2023-03-28T11:00,20,73,5.4
2023-03-28T12:00,19,75,10.0
2023-03-28T13:00,18,80,7.1
2023-03-28T14:00,18,78,7.1
2023-03-28T15:00,18,76,7.4
2023-03-28T16:00,18,76,8.4
2023-03-28T17:00,18,77,9.1
2023-03-28T18:00,17,78,8.7
2023-03-28T19:00,17,80,8.5
2023-03-28T20:00,17,82,9.0
2023-03-28T21:00,17,83,8.9
2023-03-28T22:00,17,84,8.6
2023-03-28T23:00,17,83,7.9
2023-03-29T00:00,17,87,8.4
2023-03-29T01:00,17,83,7.9
2023-03-29T02:00,19,77,4.7
2023-03-29T03:00,20,75,5.9
2023-03-29T04:00,22,70,4.7
2023-03-29T05:00,23,66,6.5
2023-03-29T06:00,23,68,10.1
2023-03-29T07:00,23,66,6.9
2023-03-29T08:00,23,66,7.4
2023-03-29T09:00,23,66,6.4
2023-03-29T10:00,23,67,6.8
2023-03-29T11:00,22,78,5.2
2023-03-29T12:00,20,85,7.4
2023-03-29T13:00,19,87,7.1
2023-03-29T14:00,20,83,5.0
2023-03-29T15:00,20,83,7.0
2023-03-29T16:00,20,82,5.9
2023-03-29T17:00,20,86,5.4
2023-03-29T18:00,19,87,6.6
2023-03-29T19:00,19,84,9.9
2023-03-29T20:00,18,84,11.7
2023-03-29T21:00,18,91,9.7
2023-03-29T22:00,18,88,10.0
2023-03-29T23:00,18,87,9.5
2023-03-30T00:00,17,84,9.3
2023-03-30T01:00,18,83,9.8
2023-03-30T02:00,19,80,7.6
2023-03-30T03:00,20,77,5.8
2023-03-30T04:00,20,74,3.6
2023-03-30T05:00,21,74,1.6
2023-03-30T06:00,22,72,2.0
2023-03-30T07:00,22,70,4.3
2023-03-30T08:00,23,69,7.5
2023-03-30T09:00,23,68,6.4
2023-03-30T10:00,23,69,7.2
2023-03-30T11:00,22,74,5.4
2023-03-30T12:00,21,80,4.0
2023-03-30T13:00,21,82,4.0
2023-03-30T14:00,21,82,3.3
2023-03-30T15:00,21,82,7.2
2023-03-30T16:00,20,85,10.7
2023-03-30T17:00,20,87,10.0
2023-03-30T18:00,20,89,8.6
2023-03-30T19:00,19,89,8.2
2023-03-30T20:00,19,91,7.1
2023-03-30T21:00,19,91,5.8
2023-03-30T22:00,19,91,5.1
2023-03-30T23:00,19,92,4.9
2023-03-31T00:00,19,93,5.9
2023-03-31T01:00,19,90,4.2
2023-03-31T02:00,20,86,3.1
2023-03-31T03:00,21,82,2.6
2023-03-31T04:00,22,79,3.8
2023-03-31T05:00,23,75,3.4
2023-03-31T06:00,24,73,3.4
2023-03-31T07:00,25,71,6.1
2023-03-31T08:00,25,70,9.3
2023-03-31T09:00,25,72,11.9
2023-03-31T10:00,24,75,10.1
2023-03-31T11:00,24,78,8.9
2023-03-31T12:00,22,83,7.4
2023-03-31T13:00,22,82,9.8
2023-03-31T14:00,22,83,11.8
2023-03-31T15:00,21,85,10.4
2023-03-31T16:00,21,86,9.6
2023-03-31T17:00,21,87,7.6
2023-03-31T18:00,21,89,6.9
2023-03-31T19:00,21,90,5.5
2023-03-31T20:00,21,91,5.1
2023-03-31T21:00,21,92,5.6
2023-03-31T22:00,21,93,3.7
2023-03-31T23:00,21,95,2.2
